day_number,class_level,topic,hook,lesson_url,think_question
1,7,Why does your stomach not digest itself?,"By the end of this lesson, you should be able to explain how the stomach protects itself from its own acid, name the three layers of that protection, and predict what happens when ",https://elevatestemdaily.github.io/elevate-stem-daily-lessons/lessons/class-7/7msctta32z.html,What would you predict if one important condition changed?
2,7,How does the human nose actually work?,"By the end of this lesson, you should be able to explain the step-by-step mechanism of smell, name the key structures involved, and predict what happens when the olfactory nerve is",https://elevatestemdaily.github.io/elevate-stem-daily-lessons/lessons/class-7/bittmd21aq.html,What would you predict if one important condition changed?
3,7,Why do we breathe faster after running?,"By the end of this lesson, you should be able to explain the feedback loop that controls breathing rate during exercise, identify what chemical triggers it, and predict what happen",https://elevatestemdaily.github.io/elevate-stem-daily-lessons/lessons/class-7/3uc1p11bp5.html,What would you predict if one important condition changed?
4,7,How does blood know where to go?,"By the end of this lesson, you should be able to explain the two loops of blood circulation, name the key chambers and vessels involved, and predict what happens when a major arter",https://elevatestemdaily.github.io/elevate-stem-daily-lessons/lessons/class-7/xww8td1j6t.html,What would you predict if one important condition changed?
5,7,Why do plants need sunlight?,"By the end of this lesson, you should be able to explain how plants use sunlight to make food, name the raw materials and products of photosynthesis, and predict what happens to a ",https://elevatestemdaily.github.io/elevate-stem-daily-lessons/lessons/class-7/zffwvjl757.html,What would you predict if one important condition changed?
6,7,How does a seed know which way to grow?,"By the end of this lesson, you should be able to explain why a seed's root always grows downward and its shoot always grows upward, name the cells and chemical responsible for sens",https://elevatestemdaily.github.io/elevate-stem-daily-lessons/lessons/class-7/kwt7dhj4ps.html,What would you predict if one important condition changed?
7,7,Why do some materials float while others sink?,"By the end of this lesson, you should be able to define density, explain Archimedes' principle in your own words, and predict whether a given object will float or sink in water.",https://elevatestemdaily.github.io/elevate-stem-daily-lessons/lessons/class-7/dx5b8gtxsy.html,What would you predict if one important condition changed?
8,7,The hidden world inside a drop of water,"By the end of this lesson, you should be able to name the three main types of microorganisms found in pond water, describe what each type does, and predict what happens to them whe",https://elevatestemdaily.github.io/elevate-stem-daily-lessons/lessons/class-7/bhgohy9eck.html,What would you predict if one important condition changed?
9,7,Why does ice float on water?,"By the end of this lesson, you should be able to explain why ice is less dense than liquid water, describe water's hexagonal crystal structure, and predict what would happen to aqu",https://elevatestemdaily.github.io/elevate-stem-daily-lessons/lessons/class-7/h0r7x9tmjq.html,What would you predict if one important condition changed?
10,7,How does a refrigerator actually cool things?,"By the end of this lesson, you should be able to name the four main components of a refrigerator, describe the vapour compression cycle step by step, and explain why the back of a ",https://elevatestemdaily.github.io/elevate-stem-daily-lessons/lessons/class-7/htux0pjwuv.html,What would you predict if one important condition changed?
11,7,Why do shadows change during the day?,"By the end of this lesson, you should be able to explain why shadows change length and direction throughout the day, describe the Sun's apparent path across the sky, and predict th",https://elevatestemdaily.github.io/elevate-stem-daily-lessons/lessons/class-7/lz53gp3iai.html,What would you predict if one important condition changed?
12,7,How does a mirror produce your image?,"By the end of this lesson, you should be able to state the law of reflection, explain how a plane mirror forms a virtual image, and predict what happens to a reflection when the mi",https://elevatestemdaily.github.io/elevate-stem-daily-lessons/lessons/class-7/9v3q3zwong.html,What would you predict if one important condition changed?
13,7,Why does sound disappear in space?,"By the end of this lesson, you should be able to explain why sound cannot travel through space, describe what a mechanical wave is and what it needs to travel, and predict which co",https://elevatestemdaily.github.io/elevate-stem-daily-lessons/lessons/class-7/cudckk2hw9.html,What would you predict if one important condition changed?
14,7,How does your ear turn sound into signals?,"By the end of this lesson, you should be able to name the three bones of the middle ear, trace the path of a sound wave from outside the ear to the brain, and predict what happens ",https://elevatestemdaily.github.io/elevate-stem-daily-lessons/lessons/class-7/qlxuj17hki.html,What would you predict if one important condition changed?
15,7,Why does a bicycle stay upright?,"By the end of this lesson, you should be able to name the two main physical effects that keep a moving bicycle balanced, explain why a stationary bicycle falls over, and predict wh",https://elevatestemdaily.github.io/elevate-stem-daily-lessons/lessons/class-7/i1du9c0icu.html,What would you predict if one important condition changed?
16,7,What makes electricity flow?,Discover why electricity flows — and why a battery is actually a kind of pump for tiny particles called electrons.,https://elevatestemdaily.github.io/elevate-stem-daily-lessons/lessons/class-7/j4ghqkxg6x.html,What would you predict if one important condition changed?
17,7,Why does a compass point north?,Discover why a tiny needle floating in water always swings to the same direction — and how Earth itself is one of the largest magnets in the solar system.,https://elevatestemdaily.github.io/elevate-stem-daily-lessons/lessons/class-7/u4saqxfwjf.html,What would you predict if one important condition changed?
18,7,How do magnets work without touching?,Discover why a magnet can move iron filings without touching them — and meet the invisible field that makes it possible.,https://elevatestemdaily.github.io/elevate-stem-daily-lessons/lessons/class-7/jj3bop42bs.html,What would you predict if one important condition changed?
19,7,Why does iron rust?,Understand the chemistry that slowly destroys iron — and why the same chemistry is the reason we can breathe.,https://elevatestemdaily.github.io/elevate-stem-daily-lessons/lessons/class-7/0l8aplzi1a.html,What would you predict if one important condition changed?
20,7,What happens when food is digested?,Follow a bite of roti from your mouth to your blood — and meet the biological scissors that cut molecules into pieces small enough to pass into your body.,https://elevatestemdaily.github.io/elevate-stem-daily-lessons/lessons/class-7/0herq4uy2v.html,What would you predict if one important condition changed?
21,7,How do vaccines teach the immune system?,Discover how a tiny injection can protect you from a disease for decades — by running a rehearsal for your immune system before the real enemy arrives.,https://elevatestemdaily.github.io/elevate-stem-daily-lessons/lessons/class-7/7erc3jlfhm.html,What would you predict if one important condition changed?
22,7,Why do we get fever?,"Discover why your body deliberately heats itself up when you're sick — and why fever is usually your immune system working, not failing.",https://elevatestemdaily.github.io/elevate-stem-daily-lessons/lessons/class-7/twi0ey6xhn.html,What would you predict if one important condition changed?
23,7,How do forests create rain?,"Discover why forests are not just passive bystanders in rain — they actively pump water into the sky, creating the clouds that water the land.",https://elevatestemdaily.github.io/elevate-stem-daily-lessons/lessons/class-7/0vemukuygc.html,What would you predict if one important condition changed?
24,7,Why is the sky blue?,Discover why the sky is blue during the day and red-orange at sunrise and sunset — using only the same physics that explains why prisms split white light into rainbows.,https://elevatestemdaily.github.io/elevate-stem-daily-lessons/lessons/class-7/3mv7r7356l.html,What would you predict if one important condition changed?
25,7,How do clouds form?,"Discover why water vapour — an invisible gas — suddenly becomes a visible cloud at exactly the right altitude, and what tiny invisible particle makes every cloud droplet possible.",https://elevatestemdaily.github.io/elevate-stem-daily-lessons/lessons/class-7/j50rli428s.html,What would you predict if one important condition changed?
26,7,Why do earthquakes happen?,"Discover why the ground suddenly shakes — and why it is not random, but the predictable result of giant rocky plates that have been pressing against each other for millions of year",https://elevatestemdaily.github.io/elevate-stem-daily-lessons/lessons/class-7/3p44u3n3rt.html,What would you predict if one important condition changed?
27,7,How do volcanoes work?,"Discover why mountains explode — by tracing the journey of molten rock from deep inside the Earth to the surface, and understanding why some eruptions are gently oozing and others ",https://elevatestemdaily.github.io/elevate-stem-daily-lessons/lessons/class-7/gekq4l6334.html,What would you predict if one important condition changed?
28,7,Could humans live on Mars?,"Discover the real scientific challenges of living on Mars — not from science fiction, but from actual planetary data — and understand which problems can be solved by engineering an",https://elevatestemdaily.github.io/elevate-stem-daily-lessons/lessons/class-7/b6xi0q0lms.html,What would you predict if one important condition changed?
29,7,What would happen if Earth stopped rotating?,"Discover how fundamentally the rotation of the Earth shapes everything about life on this planet — day and night, weather, ocean currents, and even the shape of the Earth itself — ",https://elevatestemdaily.github.io/elevate-stem-daily-lessons/lessons/class-7/mpvxfl85sw.html,What would you predict if one important condition changed?
30,7,The Ultimate Challenge: Design a self-sustaining space habitat,"Apply everything you have learned this month — from electricity to digestion, from magnets to photosynthesis — to solve the hardest engineering design challenge in human history: k",https://elevatestemdaily.github.io/elevate-stem-daily-lessons/lessons/class-7/ai1skf1txx.html,What would you predict if one important condition changed?
1,8,What actually happens when you eat food?,"Trace the complete journey of a single bite of food — from your mouth to your bloodstream — and understand exactly what each organ does, what chemicals it releases, and why the seq",https://elevatestemdaily.github.io/elevate-stem-daily-lessons/lessons/class-8/r2w1oxjacg.html,What would you predict if one important condition changed?
2,8,The microscopic battle between bacteria and antibiotics,Discover exactly how antibiotics kill bacteria — and why overusing them is creating bacteria that our medicines can no longer stop.,https://elevatestemdaily.github.io/elevate-stem-daily-lessons/lessons/class-8/hb5ivhsf8t.html,What would you predict if one important condition changed?
3,8,How does your immune system recognize an enemy?,"Discover the molecular lock-and-key system your immune cells use to distinguish ""self"" from ""enemy"" — and understand exactly how memory cells make second infections so much milder ",https://elevatestemdaily.github.io/elevate-stem-daily-lessons/lessons/class-8/93fp5fee49.html,What would you predict if one important condition changed?
4,8,Why does your heart beat continuously?,Discover how your heart generates its own electrical signal from birth to death — without any instruction from your brain — and understand exactly what happens during each heartbea,https://elevatestemdaily.github.io/elevate-stem-daily-lessons/lessons/class-8/0spqvss0f2.html,What would you predict if one important condition changed?
5,8,How do neurons carry information?,Discover the electrical and chemical system your brain uses to send signals at nearly the speed of thought — and understand why the brain can send 120 signals per second along a si,https://elevatestemdaily.github.io/elevate-stem-daily-lessons/lessons/class-8/oepxnn4g7r.html,What would you predict if one important condition changed?
6,8,Why do we have fingerprints?,"Discover why evolution gave us the unique ridge patterns on our fingertips — and understand exactly how those ridges improve our ability to grip, feel, and interact with the world.",https://elevatestemdaily.github.io/elevate-stem-daily-lessons/lessons/class-8/s04upk51fe.html,What would you predict if one important condition changed?
7,8,The science of friction,"Discover what friction actually is at the microscopic level — why it exists, what controls it, and why lubricants make things slide so much more easily.",https://elevatestemdaily.github.io/elevate-stem-daily-lessons/lessons/class-8/2ga6f6xpnm.html,What would you predict if one important condition changed?
8,8,Why can a giant ship float?,"Discover how a 100,000-tonne steel ship floats when a solid steel coin sinks — and understand Archimedes' principle well enough to predict whether any object will float or sink.",https://elevatestemdaily.github.io/elevate-stem-daily-lessons/lessons/class-8/1c3wjz2v6b.html,What would you predict if one important condition changed?
9,8,How does pressure change with depth?,"Discover why pressure increases with depth, calculate how much pressure acts on a diver at different depths, and understand the life-threatening conditions this creates for deep-se",https://elevatestemdaily.github.io/elevate-stem-daily-lessons/lessons/class-8/kflym3emaf.html,What would you predict if one important condition changed?
10,8,Why does a balloon expand at high altitude?,"Discover the law that links pressure, volume, and temperature in gases — and understand why this law controls weather balloons, your lungs, and the behaviour of every gas on Earth.",https://elevatestemdaily.github.io/elevate-stem-daily-lessons/lessons/class-8/gvvem96zme.html,What would you predict if one important condition changed?
11,8,How does a hydraulic lift lift a car?,"Discover how a small force on a tiny piston can lift an entire car — and understand the one principle that makes hydraulic brakes, JCB excavators, and aircraft landing gear all wor",https://elevatestemdaily.github.io/elevate-stem-daily-lessons/lessons/class-8/nvw444fa6q.html,What would you predict if one important condition changed?
12,8,How does an electric motor work?,"Discover why a coil carrying current in a magnetic field rotates — and understand the principle powering every fan, pump, train, and electric vehicle in India.",https://elevatestemdaily.github.io/elevate-stem-daily-lessons/lessons/class-8/zbsi6x2nz2.html,What would you predict if one important condition changed?
13,8,How does a generator produce electricity?,"Discover how mechanical motion becomes electricity — and understand why this single principle powers every hydroelectric dam, thermal plant, and wind turbine in India.",https://elevatestemdaily.github.io/elevate-stem-daily-lessons/lessons/class-8/8dy5chf6c0.html,What would you predict if one important condition changed?
14,8,Why does lightning happen?,"Discover why thunderstorms build up millions of volts of electrical charge — and understand the physics that makes lightning rods, Faraday cages, and storm safety work.",https://elevatestemdaily.github.io/elevate-stem-daily-lessons/lessons/class-8/2uzwpzivpe.html,What would you predict if one important condition changed?
15,8,How does a mobile phone transmit information?,Discover how your voice and data are converted into electromagnetic waves and sent across hundreds of kilometres — and understand the physics behind the world's largest wireless ne,https://elevatestemdaily.github.io/elevate-stem-daily-lessons/lessons/class-8/y1423x74tn.html,What would you predict if one important condition changed?
16,8,What is actually happening inside a chemical reaction?,"Discover what actually happens at the molecular level when substances react — and understand the concepts of activation energy, bond energy, and catalysts that govern every reactio",https://elevatestemdaily.github.io/elevate-stem-daily-lessons/lessons/class-8/adeve7kz1z.html,What would you predict if one important condition changed?
17,8,Why does fire need oxygen?,Discover what combustion actually is at the molecular level — and understand why the fire triangle explains every firefighting technique used in India.,https://elevatestemdaily.github.io/elevate-stem-daily-lessons/lessons/class-8/5pnvodo1mj.html,What would you predict if one important condition changed?
18,8,Why do metals conduct electricity?,"Discover why metals conduct electricity while most other materials do not — and understand the electron sea model that explains conductors, insulators, semiconductors, and supercon",https://elevatestemdaily.github.io/elevate-stem-daily-lessons/lessons/class-8/4r2y89zk7w.html,What would you predict if one important condition changed?
19,8,How is steel different from iron?,"Discover how adding a tiny amount of carbon transforms brittle iron into the structural material that builds bridges, skyscrapers, railway tracks, and spacecraft — and understand w",https://elevatestemdaily.github.io/elevate-stem-daily-lessons/lessons/class-8/lswz0txgfl.html,What would you predict if one important condition changed?
20,8,Plastics: miracle material or environmental problem?,Understand the chemistry of polymers that makes plastics so useful — and the same chemistry that makes them an environmental crisis — so you can evaluate solutions scientifically r,https://elevatestemdaily.github.io/elevate-stem-daily-lessons/lessons/class-8/eaeg0mtbs8.html,What would you predict if one important condition changed?
21,8,How do crops get nitrogen?,"By the end of this lesson, you should be able to explain how crops obtain nitrogen from the soil, describe the role of nitrogen-fixing bacteria, and predict what would happen if th",https://elevatestemdaily.github.io/elevate-stem-daily-lessons/lessons/class-8/7lp4q1ucvn.html,What would you predict if one important condition changed?
22,8,Why are some animals disappearing?,"By the end of this lesson, you should be able to explain why habitat destruction is the leading cause of species extinction, describe what a keystone species is, and predict what h",https://elevatestemdaily.github.io/elevate-stem-daily-lessons/lessons/class-8/no5qmduh3q.html,What would you predict if one important condition changed?
23,8,How does a food chain work?,"By the end of this lesson, you should be able to explain how energy moves through a food chain, state the 10 % rule, and predict what happens to carnivores if all herbivores disapp",https://elevatestemdaily.github.io/elevate-stem-daily-lessons/lessons/class-8/dptv59fv10.html,What would you predict if one important condition changed?
24,8,What happens when an ecosystem loses one species?,"By the end of this lesson, you should be able to define trophic cascade, explain the Yellowstone wolf example, and predict what happens when a keystone predator is reintroduced.",https://elevatestemdaily.github.io/elevate-stem-daily-lessons/lessons/class-8/9a1g3m12jc.html,What would you predict if one important condition changed?
25,8,How does rainwater become groundwater?,"By the end of this lesson, you should be able to explain the infiltration process, describe what an aquifer is, and predict what happens to groundwater recharge when forests are cl",https://elevatestemdaily.github.io/elevate-stem-daily-lessons/lessons/class-8/xjkut8rj0q.html,What would you predict if one important condition changed?
26,8,Why do cyclones rotate?,"By the end of this lesson, you should be able to explain the Coriolis effect, describe why cyclones rotate counter-clockwise in the Northern Hemisphere, and predict what happens wh",https://elevatestemdaily.github.io/elevate-stem-daily-lessons/lessons/class-8/r2jv67unrq.html,What would you predict if one important condition changed?
27,8,How do satellites stay in orbit?,"By the end of this lesson, you should be able to explain why a satellite doesn't fall despite gravity, describe orbital velocity, and predict what happens when a satellite slows do",https://elevatestemdaily.github.io/elevate-stem-daily-lessons/lessons/class-8/ltvfxhgc49.html,What would you predict if one important condition changed?
28,8,Why doesn't the Moon fall onto Earth?,"By the end of this lesson, you should be able to explain the balance between gravity and orbital inertia, predict what would happen if the Moon's orbital speed decreased, and conne",https://elevatestemdaily.github.io/elevate-stem-daily-lessons/lessons/class-8/rsvzog1m08.html,What would you predict if one important condition changed?
29,8,Could we build a city underwater?,"By the end of this lesson, you should be able to explain how water pressure increases with depth, identify the key engineering challenges of underwater living, and predict how wall",https://elevatestemdaily.github.io/elevate-stem-daily-lessons/lessons/class-8/e0v6afbg3m.html,What would you predict if one important condition changed?
30,8,Ultimate Challenge: Design a future sustainable city,"By the end of this lesson, you should be able to explain what makes a city sustainable, apply systems thinking to identify how urban systems connect, and design solutions for at le",https://elevatestemdaily.github.io/elevate-stem-daily-lessons/lessons/class-8/lioxvagj5n.html,What would you predict if one important condition changed?
1,9,What is matter really made of?,"By the end of this lesson, you should be able to describe what matter is made of at the particle level, explain kinetic theory, and predict what happens when particles are confined",https://elevatestemdaily.github.io/elevate-stem-daily-lessons/lessons/class-9/6ax7k75b8q.html,What would you predict if one important condition changed?
2,9,Why do particles move even when you can't see them?,"By the end of this lesson, you should be able to explain why particles are always in motion, describe Brownian motion, and predict what happens to particle speed when temperature c",https://elevatestemdaily.github.io/elevate-stem-daily-lessons/lessons/class-9/1qm6e295kn.html,What would you predict if one important condition changed?
3,9,How does diffusion work?,"By the end of this lesson, you should be able to define diffusion, explain how concentration gradients drive it, and predict how temperature or particle size affects diffusion rate",https://elevatestemdaily.github.io/elevate-stem-daily-lessons/lessons/class-9/rt7m71nm1y.html,What would you predict if one important condition changed?
4,9,Why does temperature change particle motion?,"By the end of this lesson, you should be able to explain the relationship between temperature and kinetic energy, describe how heating drives state changes, and predict what happen",https://elevatestemdaily.github.io/elevate-stem-daily-lessons/lessons/class-9/iuejwcqxqh.html,What would you predict if one important condition changed?
5,9,Atoms: the tiny building blocks of everything,"By the end of this lesson, you should be able to describe the structure of an atom, explain what protons, neutrons, and electrons do, and predict what changing the number of proton",https://elevatestemdaily.github.io/elevate-stem-daily-lessons/lessons/class-9/sburl5tptl.html,What would you predict if one important condition changed?
6,9,How was the atom discovered?,"By the end of this lesson, you should be able to describe the key experiments that revealed atomic structure, explain Rutherford's gold foil experiment, and predict what no deflect",https://elevatestemdaily.github.io/elevate-stem-daily-lessons/lessons/class-9/rzrvrf76yc.html,What would you predict if one important condition changed?
7,9,Why are some atoms radioactive?,"By the end of this lesson, you should be able to explain what causes radioactivity, describe alpha, beta, and gamma radiation, and predict what happens to an atom's stability as it",https://elevatestemdaily.github.io/elevate-stem-daily-lessons/lessons/class-9/r84uf6pipy.html,What would you predict if one important condition changed?
8,9,What makes an element different from another?,"By the end of this lesson, you should be able to explain what uniquely identifies each element, describe isotopes, and predict what happens when two atoms have the same proton coun",https://elevatestemdaily.github.io/elevate-stem-daily-lessons/lessons/class-9/2uoyrscukj.html,What would you predict if one important condition changed?
9,9,How do chemical bonds hold matter together?,"By the end of this lesson, you should be able to describe ionic, covalent, and metallic bonds, explain why atoms bond at all, and predict what forms when a single-electron atom bon",https://elevatestemdaily.github.io/elevate-stem-daily-lessons/lessons/class-9/oo4b9q8yat.html,What would you predict if one important condition changed?
10,9,Why does mass stay conserved in a reaction?,"By the end of this lesson, you should be able to state and explain the law of conservation of mass, balance chemical equations, and predict where mass goes when combustion appears ",https://elevatestemdaily.github.io/elevate-stem-daily-lessons/lessons/class-9/ojvsfx8tzx.html,What would you predict if one important condition changed?
11,9,How does your body obtain energy from food?,"By the end of this lesson, you should be able to explain cellular respiration, describe aerobic vs anaerobic pathways, and predict what happens to energy production if oxygen suppl",https://elevatestemdaily.github.io/elevate-stem-daily-lessons/lessons/class-9/zhdjbitjw9.html,What would you predict if one important condition changed?
12,9,The architecture of a cell,"By the end of this lesson, you should be able to identify and describe key cell organelles, explain how they interact, and predict what happens if the cell membrane becomes fully i",https://elevatestemdaily.github.io/elevate-stem-daily-lessons/lessons/class-9/5eqn5ghypc.html,What would you predict if one important condition changed?
13,9,Mitochondria: the cell's power plants,"By the end of this lesson, you should be able to explain how mitochondria produce ATP, describe the electron transport chain, and predict what a cell without mitochondria would exp",https://elevatestemdaily.github.io/elevate-stem-daily-lessons/lessons/class-9/3n6wlfikop.html,What would you predict if one important condition changed?
14,9,Why is DNA so important?,"By the end of this lesson, you should be able to explain the structure of DNA, describe how it encodes protein instructions, and predict what a mutation in a gene would cause.",https://elevatestemdaily.github.io/elevate-stem-daily-lessons/lessons/class-9/xj80mpvi9z.html,What would you predict if one important condition changed?
15,9,How do cells divide?,"By the end of this lesson, you should be able to describe the stages of mitosis, distinguish mitosis from meiosis, and predict what happens when chromosomes fail to separate correc",https://elevatestemdaily.github.io/elevate-stem-daily-lessons/lessons/class-9/yrx11ggv37.html,What would you predict if one important condition changed?
16,9,Why do organisms need tissues?,"By the end of this lesson, you should be able to explain what a tissue is, describe the main tissue types, and predict what would happen if all cells in an organism were unspeciali",https://elevatestemdaily.github.io/elevate-stem-daily-lessons/lessons/class-9/almzor14au.html,What would you predict if one important condition changed?
17,9,How does your brain communicate with your body?,"By the end of this lesson, you should be able to explain how nerve impulses travel, describe the synapse, and predict what happens if a nerve pathway is damaged.",https://elevatestemdaily.github.io/elevate-stem-daily-lessons/lessons/class-9/s8ibir4xim.html,What would you predict if one important condition changed?
18,9,What exactly is force?,"By the end of this lesson, you should be able to define force scientifically, describe Newton's three laws of motion, and predict what happens when two equal forces act in opposite",https://elevatestemdaily.github.io/elevate-stem-daily-lessons/lessons/class-9/1ec10k0qlp.html,What would you predict if one important condition changed?
19,9,Why do objects resist changes in motion?,"By the end of this lesson, you should be able to define inertia, explain its relationship to mass, and predict how doubling an object's mass affects its inertia.",https://elevatestemdaily.github.io/elevate-stem-daily-lessons/lessons/class-9/cva620zedz.html,What would you predict if one important condition changed?
20,9,How does gravity actually work?,"By the end of this lesson, you should be able to state Newton's law of universal gravitation, explain how gravity varies with mass and distance, and predict how force changes when ",https://elevatestemdaily.github.io/elevate-stem-daily-lessons/lessons/class-9/562t3fjbes.html,What would you predict if one important condition changed?
21,9,Why does the Moon orbit Earth?,"By the end of this lesson, you should be able to explain how centripetal force maintains an orbit, describe what would happen if the Moon's speed increased, and connect orbital mec",https://elevatestemdaily.github.io/elevate-stem-daily-lessons/lessons/class-9/86quhp8hq9.html,What would you predict if one important condition changed?
22,9,Energy: where does it go?,"By the end of this lesson, you should be able to state the law of conservation of energy, describe energy transformations, and predict where ""lost"" mechanical energy goes.",https://elevatestemdaily.github.io/elevate-stem-daily-lessons/lessons/class-9/be2zlb83mi.html,What would you predict if one important condition changed?
23,9,How does a roller coaster convert energy?,"By the end of this lesson, you should be able to explain how GPE and KE interchange, calculate speed at the bottom of a hill, and predict how speed changes when hill height doubles",https://elevatestemdaily.github.io/elevate-stem-daily-lessons/lessons/class-9/204omu6lmf.html,What would you predict if one important condition changed?
24,9,Why can machines never be 100% efficient?,"By the end of this lesson, you should be able to explain why 100% efficiency is impossible, describe the role of friction and entropy, and predict how lubrication affects machine e",https://elevatestemdaily.github.io/elevate-stem-daily-lessons/lessons/class-9/q5h2tv8w2o.html,What would you predict if one important condition changed?
25,9,How does sound travel?,"By the end of this lesson, you should be able to explain how sound travels as a longitudinal wave, identify what sound needs to travel, and predict what happens when sound enters a",https://elevatestemdaily.github.io/elevate-stem-daily-lessons/lessons/class-9/7tiao8om7t.html,What would you predict if one important condition changed?
26,9,Why does sound change pitch?,"By the end of this lesson, you should be able to explain how frequency determines pitch, describe the Doppler effect, and predict pitch change when frequency doubles.",https://elevatestemdaily.github.io/elevate-stem-daily-lessons/lessons/class-9/w7b7z7ain9.html,What would you predict if one important condition changed?
27,9,Why are stars different colours?,"By the end of this lesson, you should be able to explain why star colour depends on temperature, describe blackbody radiation, and predict how a star's colour shifts as it cools.",https://elevatestemdaily.github.io/elevate-stem-daily-lessons/lessons/class-9/nmud9fom38.html,What would you predict if one important condition changed?
28,9,How do scientists know the universe is expanding?,"By the end of this lesson, you should be able to explain what redshift is, describe Hubble's discovery, and predict how the light from a galaxy moving away at higher speed would ap",https://elevatestemdaily.github.io/elevate-stem-daily-lessons/lessons/class-9/y7c4ajq135.html,What would you predict if one important condition changed?
29,9,Could we ever travel to another star?,"By the end of this lesson, you should be able to explain the challenges of interstellar travel, calculate travel times, and predict how long a journey to Proxima Centauri at 10% li",https://elevatestemdaily.github.io/elevate-stem-daily-lessons/lessons/class-9/8nwu1syg7v.html,What would you predict if one important condition changed?
30,9,Ultimate Challenge: Build a physics model explaining a real-world phenomenon,"By the end of this lesson, you should be able to describe the steps of scientific model building, apply multiple Class 9 concepts to explain a real phenomenon, and revise your mode",https://elevatestemdaily.github.io/elevate-stem-daily-lessons/lessons/class-9/xqpawuf09b.html,What would you predict if one important condition changed?
1,10,Chemical reactions happening inside your body,"By the end of this lesson, you should be able to explain how cellular respiration converts glucose into ATP energy, name the reactants and products of the reaction, and predict wha",https://elevatestemdaily.github.io/elevate-stem-daily-lessons/lessons/class-10/6vcgji3r7j.html,What would you predict if one important condition changed?
2,10,How do we know a chemical reaction occurred?,"By the end of this lesson, you should be able to identify the five observable signs of a chemical reaction, explain why each sign indicates a new substance has formed, and predict ",https://elevatestemdaily.github.io/elevate-stem-daily-lessons/lessons/class-10/6f9df69hys.html,What would you predict if one important condition changed?
3,10,Acids and bases inside everyday life,"By the end of this lesson, you should be able to define acids and bases in terms of H⁺ and OH⁻ ion release, explain what the pH scale measures, name at least five acids and bases f",https://elevatestemdaily.github.io/elevate-stem-daily-lessons/lessons/class-10/qy8nef8d0c.html,What would you predict if one important condition changed?
4,10,Why does antacid work?,"By the end of this lesson, you should be able to write the neutralisation equation for a common antacid, explain why the correct dose matters, and predict what happens to stomach p",https://elevatestemdaily.github.io/elevate-stem-daily-lessons/lessons/class-10/ko7mquu69v.html,What would you predict if one important condition changed?
5,10,Metals: why are they useful?,"By the end of this lesson, you should be able to explain metallic bonding using the electron sea model, connect that model to conductivity, malleability, and ductility, and predict",https://elevatestemdaily.github.io/elevate-stem-daily-lessons/lessons/class-10/r33gr60ozh.html,What would you predict if one important condition changed?
6,10,Why does corrosion happen?,"By the end of this lesson, you should be able to write the chemical equation for iron rusting, explain the electrochemical steps that turn Fe into Fe³⁺ oxide, identify the roles of",https://elevatestemdaily.github.io/elevate-stem-daily-lessons/lessons/class-10/1ww8g1iznf.html,What would you predict if one important condition changed?
7,10,How can corrosion be prevented?,"By the end of this lesson, you should be able to explain how galvanisation protects iron using sacrificial protection, describe why zinc continues to protect iron even after the co",https://elevatestemdaily.github.io/elevate-stem-daily-lessons/lessons/class-10/idr7xam57k.html,What would you predict if one important condition changed?
8,10,Carbon: the element behind life,"By the end of this lesson, you should be able to explain why carbon's four covalent bonds make it uniquely suited to form the large, complex molecules that life requires, and predi",https://elevatestemdaily.github.io/elevate-stem-daily-lessons/lessons/class-10/bmwzgcm6l8.html,What would you predict if one important condition changed?
9,10,Why can carbon form millions of compounds?,"By the end of this lesson, you should be able to define catenation, explain how homologous series and functional groups multiply the number of possible carbon compounds, and predic",https://elevatestemdaily.github.io/elevate-stem-daily-lessons/lessons/class-10/a5d0hef57m.html,What would you predict if one important condition changed?
10,10,How soap actually removes dirt,"By the end of this lesson, you should be able to describe the amphiphilic structure of a soap molecule, explain micelle formation step by step, and predict why soap loses its clean",https://elevatestemdaily.github.io/elevate-stem-daily-lessons/lessons/class-10/ozsr13fsp1.html,What would you predict if one important condition changed?
11,10,How does DNA store information?,"By the end of this lesson, you should be able to explain how DNA encodes genetic information using base sequences, name the four nitrogenous bases and their pairing rules, and pred",https://elevatestemdaily.github.io/elevate-stem-daily-lessons/lessons/class-10/lxp29w0fco.html,What would you predict if one important condition changed?
12,10,How are proteins produced from DNA instructions?,"By the end of this lesson, you should be able to describe the two-stage process of transcription and translation, name the key molecules involved at each stage, and predict what ha",https://elevatestemdaily.github.io/elevate-stem-daily-lessons/lessons/class-10/xhlc4n00n5.html,What would you predict if one important condition changed?
13,10,Why are offspring similar but not identical?,"By the end of this lesson, you should be able to explain how sexual reproduction produces variation through chromosome sorting and random fertilisation, define the terms allele, ho",https://elevatestemdaily.github.io/elevate-stem-daily-lessons/lessons/class-10/j37oox4z5v.html,What would you predict if one important condition changed?
14,10,How does natural selection work?,"By the end of this lesson, you should be able to describe the four conditions required for natural selection to operate, explain the mechanism by which favourable traits increase i",https://elevatestemdaily.github.io/elevate-stem-daily-lessons/lessons/class-10/n5xn32nwda.html,What would you predict if one important condition changed?
15,10,Could humans evolve into a new species?,"By the end of this lesson, you should be able to define a biological species, explain the role of reproductive isolation in speciation, and predict what would happen to two permane",https://elevatestemdaily.github.io/elevate-stem-daily-lessons/lessons/class-10/f90yqju3fy.html,What would you predict if one important condition changed?
16,10,How does the human nervous system work?,"By the end of this lesson, you should be able to trace the path of a nerve impulse from stimulus to response, name the key structural parts of a neuron, explain how signals cross a",https://elevatestemdaily.github.io/elevate-stem-daily-lessons/lessons/class-10/mhm2kisr5g.html,What would you predict if one important condition changed?
17,10,How do hormones control the body?,"By the end of this lesson, you should be able to name five major endocrine glands and their hormones, explain how a hormone reaches only its target organ using receptor specificity",https://elevatestemdaily.github.io/elevate-stem-daily-lessons/lessons/class-10/zvus1r75vb.html,What would you predict if one important condition changed?
18,10,Why do we need reproduction?,"By the end of this lesson, you should be able to distinguish asexual from sexual reproduction with named mechanisms, explain why sexual reproduction produces genetic variation whil",https://elevatestemdaily.github.io/elevate-stem-daily-lessons/lessons/class-10/i50dpbps4d.html,What would you predict if one important condition changed?
19,10,How does an embryo develop?,"By the end of this lesson, you should be able to describe the stages from zygote to organogenesis, explain what cell differentiation is and how gene expression drives it, and predi",https://elevatestemdaily.github.io/elevate-stem-daily-lessons/lessons/class-10/1nsjanmlp7.html,What would you predict if one important condition changed?
20,10,What causes genetic diseases?,"By the end of this lesson, you should be able to define mutation and explain how it disrupts protein function, distinguish between dominant and recessive inheritance with named exa",https://elevatestemdaily.github.io/elevate-stem-daily-lessons/lessons/class-10/w9zk5y5d2l.html,What would you predict if one important condition changed?
21,10,Electricity: what is actually moving?,"By the end of this lesson, you should be able to name what physically moves through a metal wire when current flows, explain why free electrons are responsible and not protons or i",https://elevatestemdaily.github.io/elevate-stem-daily-lessons/lessons/class-10/73vwsaegwl.html,What would you predict if one important condition changed?
22,10,Why does resistance occur?,"By the end of this lesson, you should be able to explain why metals resist the flow of electric current at the atomic level, state how length, cross-sectional area, and temperature",https://elevatestemdaily.github.io/elevate-stem-daily-lessons/lessons/class-10/zywmcmxbtb.html,What would you predict if one important condition changed?
23,10,How does household electricity work?,"By the end of this lesson, you should be able to explain why household electricity uses alternating current, describe the roles of the live, neutral, and earth wires in an Indian p",https://elevatestemdaily.github.io/elevate-stem-daily-lessons/lessons/class-10/pnva7erjrm.html,What would you predict if one important condition changed?
24,10,How does an electric motor work?,"By the end of this lesson, you should be able to explain why a current-carrying coil rotates inside a magnetic field, name the role of the commutator, state the formula F = BIL, an",https://elevatestemdaily.github.io/elevate-stem-daily-lessons/lessons/class-10/hbiqwe5op1.html,What would you predict if one important condition changed?
25,10,How does electromagnetic induction work?,"By the end of this lesson, you should be able to state Faraday's law with the formula EMF = −dΦ/dt, explain Lenz's law, describe how a generator differs from a motor, and predict w",https://elevatestemdaily.github.io/elevate-stem-daily-lessons/lessons/class-10/wokdoh0lw3.html,What would you predict if one important condition changed?
26,10,How does a camera see?,"By the end of this lesson, you should be able to apply the lens formula 1/f = 1/v + 1/u to explain image formation, describe what aperture and focal length control, and predict how",https://elevatestemdaily.github.io/elevate-stem-daily-lessons/lessons/class-10/2aq4l5ghls.html,What would you predict if one important condition changed?
27,10,How does the human eye see?,"By the end of this lesson, you should be able to explain accommodation by naming the ciliary muscles and their action, describe how myopia and hypermetropia arise from lens or eyeb",https://elevatestemdaily.github.io/elevate-stem-daily-lessons/lessons/class-10/taklrd6j7s.html,What would you predict if one important condition changed?
28,10,Why can't we see atoms with ordinary microscopes?,"By the end of this lesson, you should be able to explain the diffraction limit of resolution, state why visible light cannot image atoms, describe how electron microscopes exploit ",https://elevatestemdaily.github.io/elevate-stem-daily-lessons/lessons/class-10/q62oqwgkxs.html,What would you predict if one important condition changed?
29,10,The physics of nuclear energy,"By the end of this lesson, you should be able to explain mass defect and apply E = mc² to calculate nuclear energy, describe the fission chain reaction in a reactor, explain why so",https://elevatestemdaily.github.io/elevate-stem-daily-lessons/lessons/class-10/c253ktn06g.html,What would you predict if one important condition changed?
30,10,Ultimate Challenge: Solve a real-world science problem using Class 10 concepts,"By the end of this lesson, you should be able to explain why a solar panel generates electricity using the photoelectric effect, apply E = hf to explain why sunlight (but not infra",https://elevatestemdaily.github.io/elevate-stem-daily-lessons/lessons/class-10/atgixzppya.html,What would you predict if one important condition changed?
