class_level,day_number,old_filename,new_filename,full_url
7,1,day-01.html,7msctta32z.html,https://elevatestemdaily.github.io/elevate-stem-daily-lessons/lessons/class-7/7msctta32z.html
7,2,day-02.html,bittmd21aq.html,https://elevatestemdaily.github.io/elevate-stem-daily-lessons/lessons/class-7/bittmd21aq.html
7,3,day-03.html,3uc1p11bp5.html,https://elevatestemdaily.github.io/elevate-stem-daily-lessons/lessons/class-7/3uc1p11bp5.html
7,4,day-04.html,xww8td1j6t.html,https://elevatestemdaily.github.io/elevate-stem-daily-lessons/lessons/class-7/xww8td1j6t.html
7,5,day-05.html,zffwvjl757.html,https://elevatestemdaily.github.io/elevate-stem-daily-lessons/lessons/class-7/zffwvjl757.html
7,6,day-06.html,kwt7dhj4ps.html,https://elevatestemdaily.github.io/elevate-stem-daily-lessons/lessons/class-7/kwt7dhj4ps.html
7,7,day-07.html,dx5b8gtxsy.html,https://elevatestemdaily.github.io/elevate-stem-daily-lessons/lessons/class-7/dx5b8gtxsy.html
7,8,day-08.html,bhgohy9eck.html,https://elevatestemdaily.github.io/elevate-stem-daily-lessons/lessons/class-7/bhgohy9eck.html
7,9,day-09.html,h0r7x9tmjq.html,https://elevatestemdaily.github.io/elevate-stem-daily-lessons/lessons/class-7/h0r7x9tmjq.html
7,10,day-10.html,htux0pjwuv.html,https://elevatestemdaily.github.io/elevate-stem-daily-lessons/lessons/class-7/htux0pjwuv.html
7,11,day-11.html,lz53gp3iai.html,https://elevatestemdaily.github.io/elevate-stem-daily-lessons/lessons/class-7/lz53gp3iai.html
7,12,day-12.html,9v3q3zwong.html,https://elevatestemdaily.github.io/elevate-stem-daily-lessons/lessons/class-7/9v3q3zwong.html
7,13,day-13.html,cudckk2hw9.html,https://elevatestemdaily.github.io/elevate-stem-daily-lessons/lessons/class-7/cudckk2hw9.html
7,14,day-14.html,qlxuj17hki.html,https://elevatestemdaily.github.io/elevate-stem-daily-lessons/lessons/class-7/qlxuj17hki.html
7,15,day-15.html,i1du9c0icu.html,https://elevatestemdaily.github.io/elevate-stem-daily-lessons/lessons/class-7/i1du9c0icu.html
7,16,day-16.html,j4ghqkxg6x.html,https://elevatestemdaily.github.io/elevate-stem-daily-lessons/lessons/class-7/j4ghqkxg6x.html
7,17,day-17.html,u4saqxfwjf.html,https://elevatestemdaily.github.io/elevate-stem-daily-lessons/lessons/class-7/u4saqxfwjf.html
7,18,day-18.html,jj3bop42bs.html,https://elevatestemdaily.github.io/elevate-stem-daily-lessons/lessons/class-7/jj3bop42bs.html
7,19,day-19.html,0l8aplzi1a.html,https://elevatestemdaily.github.io/elevate-stem-daily-lessons/lessons/class-7/0l8aplzi1a.html
7,20,day-20.html,0herq4uy2v.html,https://elevatestemdaily.github.io/elevate-stem-daily-lessons/lessons/class-7/0herq4uy2v.html
7,21,day-21.html,7erc3jlfhm.html,https://elevatestemdaily.github.io/elevate-stem-daily-lessons/lessons/class-7/7erc3jlfhm.html
7,22,day-22.html,twi0ey6xhn.html,https://elevatestemdaily.github.io/elevate-stem-daily-lessons/lessons/class-7/twi0ey6xhn.html
7,23,day-23.html,0vemukuygc.html,https://elevatestemdaily.github.io/elevate-stem-daily-lessons/lessons/class-7/0vemukuygc.html
7,24,day-24.html,3mv7r7356l.html,https://elevatestemdaily.github.io/elevate-stem-daily-lessons/lessons/class-7/3mv7r7356l.html
7,25,day-25.html,j50rli428s.html,https://elevatestemdaily.github.io/elevate-stem-daily-lessons/lessons/class-7/j50rli428s.html
7,26,day-26.html,3p44u3n3rt.html,https://elevatestemdaily.github.io/elevate-stem-daily-lessons/lessons/class-7/3p44u3n3rt.html
7,27,day-27.html,gekq4l6334.html,https://elevatestemdaily.github.io/elevate-stem-daily-lessons/lessons/class-7/gekq4l6334.html
7,28,day-28.html,b6xi0q0lms.html,https://elevatestemdaily.github.io/elevate-stem-daily-lessons/lessons/class-7/b6xi0q0lms.html
7,29,day-29.html,mpvxfl85sw.html,https://elevatestemdaily.github.io/elevate-stem-daily-lessons/lessons/class-7/mpvxfl85sw.html
7,30,day-30.html,ai1skf1txx.html,https://elevatestemdaily.github.io/elevate-stem-daily-lessons/lessons/class-7/ai1skf1txx.html
8,1,day-01.html,r2w1oxjacg.html,https://elevatestemdaily.github.io/elevate-stem-daily-lessons/lessons/class-8/r2w1oxjacg.html
8,2,day-02.html,hb5ivhsf8t.html,https://elevatestemdaily.github.io/elevate-stem-daily-lessons/lessons/class-8/hb5ivhsf8t.html
8,3,day-03.html,93fp5fee49.html,https://elevatestemdaily.github.io/elevate-stem-daily-lessons/lessons/class-8/93fp5fee49.html
8,4,day-04.html,0spqvss0f2.html,https://elevatestemdaily.github.io/elevate-stem-daily-lessons/lessons/class-8/0spqvss0f2.html
8,5,day-05.html,oepxnn4g7r.html,https://elevatestemdaily.github.io/elevate-stem-daily-lessons/lessons/class-8/oepxnn4g7r.html
8,6,day-06.html,s04upk51fe.html,https://elevatestemdaily.github.io/elevate-stem-daily-lessons/lessons/class-8/s04upk51fe.html
8,7,day-07.html,2ga6f6xpnm.html,https://elevatestemdaily.github.io/elevate-stem-daily-lessons/lessons/class-8/2ga6f6xpnm.html
8,8,day-08.html,1c3wjz2v6b.html,https://elevatestemdaily.github.io/elevate-stem-daily-lessons/lessons/class-8/1c3wjz2v6b.html
8,9,day-09.html,kflym3emaf.html,https://elevatestemdaily.github.io/elevate-stem-daily-lessons/lessons/class-8/kflym3emaf.html
8,10,day-10.html,gvvem96zme.html,https://elevatestemdaily.github.io/elevate-stem-daily-lessons/lessons/class-8/gvvem96zme.html
8,11,day-11.html,nvw444fa6q.html,https://elevatestemdaily.github.io/elevate-stem-daily-lessons/lessons/class-8/nvw444fa6q.html
8,12,day-12.html,zbsi6x2nz2.html,https://elevatestemdaily.github.io/elevate-stem-daily-lessons/lessons/class-8/zbsi6x2nz2.html
8,13,day-13.html,8dy5chf6c0.html,https://elevatestemdaily.github.io/elevate-stem-daily-lessons/lessons/class-8/8dy5chf6c0.html
8,14,day-14.html,2uzwpzivpe.html,https://elevatestemdaily.github.io/elevate-stem-daily-lessons/lessons/class-8/2uzwpzivpe.html
8,15,day-15.html,y1423x74tn.html,https://elevatestemdaily.github.io/elevate-stem-daily-lessons/lessons/class-8/y1423x74tn.html
8,16,day-16.html,adeve7kz1z.html,https://elevatestemdaily.github.io/elevate-stem-daily-lessons/lessons/class-8/adeve7kz1z.html
8,17,day-17.html,5pnvodo1mj.html,https://elevatestemdaily.github.io/elevate-stem-daily-lessons/lessons/class-8/5pnvodo1mj.html
8,18,day-18.html,4r2y89zk7w.html,https://elevatestemdaily.github.io/elevate-stem-daily-lessons/lessons/class-8/4r2y89zk7w.html
8,19,day-19.html,lswz0txgfl.html,https://elevatestemdaily.github.io/elevate-stem-daily-lessons/lessons/class-8/lswz0txgfl.html
8,20,day-20.html,eaeg0mtbs8.html,https://elevatestemdaily.github.io/elevate-stem-daily-lessons/lessons/class-8/eaeg0mtbs8.html
8,21,day-21.html,7lp4q1ucvn.html,https://elevatestemdaily.github.io/elevate-stem-daily-lessons/lessons/class-8/7lp4q1ucvn.html
8,22,day-22.html,no5qmduh3q.html,https://elevatestemdaily.github.io/elevate-stem-daily-lessons/lessons/class-8/no5qmduh3q.html
8,23,day-23.html,dptv59fv10.html,https://elevatestemdaily.github.io/elevate-stem-daily-lessons/lessons/class-8/dptv59fv10.html
8,24,day-24.html,9a1g3m12jc.html,https://elevatestemdaily.github.io/elevate-stem-daily-lessons/lessons/class-8/9a1g3m12jc.html
8,25,day-25.html,xjkut8rj0q.html,https://elevatestemdaily.github.io/elevate-stem-daily-lessons/lessons/class-8/xjkut8rj0q.html
8,26,day-26.html,r2jv67unrq.html,https://elevatestemdaily.github.io/elevate-stem-daily-lessons/lessons/class-8/r2jv67unrq.html
8,27,day-27.html,ltvfxhgc49.html,https://elevatestemdaily.github.io/elevate-stem-daily-lessons/lessons/class-8/ltvfxhgc49.html
8,28,day-28.html,rsvzog1m08.html,https://elevatestemdaily.github.io/elevate-stem-daily-lessons/lessons/class-8/rsvzog1m08.html
8,29,day-29.html,e0v6afbg3m.html,https://elevatestemdaily.github.io/elevate-stem-daily-lessons/lessons/class-8/e0v6afbg3m.html
8,30,day-30.html,lioxvagj5n.html,https://elevatestemdaily.github.io/elevate-stem-daily-lessons/lessons/class-8/lioxvagj5n.html
9,1,day-01.html,6ax7k75b8q.html,https://elevatestemdaily.github.io/elevate-stem-daily-lessons/lessons/class-9/6ax7k75b8q.html
9,2,day-02.html,1qm6e295kn.html,https://elevatestemdaily.github.io/elevate-stem-daily-lessons/lessons/class-9/1qm6e295kn.html
9,3,day-03.html,rt7m71nm1y.html,https://elevatestemdaily.github.io/elevate-stem-daily-lessons/lessons/class-9/rt7m71nm1y.html
9,4,day-04.html,iuejwcqxqh.html,https://elevatestemdaily.github.io/elevate-stem-daily-lessons/lessons/class-9/iuejwcqxqh.html
9,5,day-05.html,sburl5tptl.html,https://elevatestemdaily.github.io/elevate-stem-daily-lessons/lessons/class-9/sburl5tptl.html
9,6,day-06.html,rzrvrf76yc.html,https://elevatestemdaily.github.io/elevate-stem-daily-lessons/lessons/class-9/rzrvrf76yc.html
9,7,day-07.html,r84uf6pipy.html,https://elevatestemdaily.github.io/elevate-stem-daily-lessons/lessons/class-9/r84uf6pipy.html
9,8,day-08.html,2uoyrscukj.html,https://elevatestemdaily.github.io/elevate-stem-daily-lessons/lessons/class-9/2uoyrscukj.html
9,9,day-09.html,oo4b9q8yat.html,https://elevatestemdaily.github.io/elevate-stem-daily-lessons/lessons/class-9/oo4b9q8yat.html
9,10,day-10.html,ojvsfx8tzx.html,https://elevatestemdaily.github.io/elevate-stem-daily-lessons/lessons/class-9/ojvsfx8tzx.html
9,11,day-11.html,zhdjbitjw9.html,https://elevatestemdaily.github.io/elevate-stem-daily-lessons/lessons/class-9/zhdjbitjw9.html
9,12,day-12.html,5eqn5ghypc.html,https://elevatestemdaily.github.io/elevate-stem-daily-lessons/lessons/class-9/5eqn5ghypc.html
9,13,day-13.html,3n6wlfikop.html,https://elevatestemdaily.github.io/elevate-stem-daily-lessons/lessons/class-9/3n6wlfikop.html
9,14,day-14.html,xj80mpvi9z.html,https://elevatestemdaily.github.io/elevate-stem-daily-lessons/lessons/class-9/xj80mpvi9z.html
9,15,day-15.html,yrx11ggv37.html,https://elevatestemdaily.github.io/elevate-stem-daily-lessons/lessons/class-9/yrx11ggv37.html
9,16,day-16.html,almzor14au.html,https://elevatestemdaily.github.io/elevate-stem-daily-lessons/lessons/class-9/almzor14au.html
9,17,day-17.html,s8ibir4xim.html,https://elevatestemdaily.github.io/elevate-stem-daily-lessons/lessons/class-9/s8ibir4xim.html
9,18,day-18.html,1ec10k0qlp.html,https://elevatestemdaily.github.io/elevate-stem-daily-lessons/lessons/class-9/1ec10k0qlp.html
9,19,day-19.html,cva620zedz.html,https://elevatestemdaily.github.io/elevate-stem-daily-lessons/lessons/class-9/cva620zedz.html
9,20,day-20.html,562t3fjbes.html,https://elevatestemdaily.github.io/elevate-stem-daily-lessons/lessons/class-9/562t3fjbes.html
9,21,day-21.html,86quhp8hq9.html,https://elevatestemdaily.github.io/elevate-stem-daily-lessons/lessons/class-9/86quhp8hq9.html
9,22,day-22.html,be2zlb83mi.html,https://elevatestemdaily.github.io/elevate-stem-daily-lessons/lessons/class-9/be2zlb83mi.html
9,23,day-23.html,204omu6lmf.html,https://elevatestemdaily.github.io/elevate-stem-daily-lessons/lessons/class-9/204omu6lmf.html
9,24,day-24.html,q5h2tv8w2o.html,https://elevatestemdaily.github.io/elevate-stem-daily-lessons/lessons/class-9/q5h2tv8w2o.html
9,25,day-25.html,7tiao8om7t.html,https://elevatestemdaily.github.io/elevate-stem-daily-lessons/lessons/class-9/7tiao8om7t.html
9,26,day-26.html,w7b7z7ain9.html,https://elevatestemdaily.github.io/elevate-stem-daily-lessons/lessons/class-9/w7b7z7ain9.html
9,27,day-27.html,nmud9fom38.html,https://elevatestemdaily.github.io/elevate-stem-daily-lessons/lessons/class-9/nmud9fom38.html
9,28,day-28.html,y7c4ajq135.html,https://elevatestemdaily.github.io/elevate-stem-daily-lessons/lessons/class-9/y7c4ajq135.html
9,29,day-29.html,8nwu1syg7v.html,https://elevatestemdaily.github.io/elevate-stem-daily-lessons/lessons/class-9/8nwu1syg7v.html
9,30,day-30.html,xqpawuf09b.html,https://elevatestemdaily.github.io/elevate-stem-daily-lessons/lessons/class-9/xqpawuf09b.html
10,1,day-01.html,6vcgji3r7j.html,https://elevatestemdaily.github.io/elevate-stem-daily-lessons/lessons/class-10/6vcgji3r7j.html
10,2,day-02.html,6f9df69hys.html,https://elevatestemdaily.github.io/elevate-stem-daily-lessons/lessons/class-10/6f9df69hys.html
10,3,day-03.html,qy8nef8d0c.html,https://elevatestemdaily.github.io/elevate-stem-daily-lessons/lessons/class-10/qy8nef8d0c.html
10,4,day-04.html,ko7mquu69v.html,https://elevatestemdaily.github.io/elevate-stem-daily-lessons/lessons/class-10/ko7mquu69v.html
10,5,day-05.html,r33gr60ozh.html,https://elevatestemdaily.github.io/elevate-stem-daily-lessons/lessons/class-10/r33gr60ozh.html
10,6,day-06.html,1ww8g1iznf.html,https://elevatestemdaily.github.io/elevate-stem-daily-lessons/lessons/class-10/1ww8g1iznf.html
10,7,day-07.html,idr7xam57k.html,https://elevatestemdaily.github.io/elevate-stem-daily-lessons/lessons/class-10/idr7xam57k.html
10,8,day-08.html,bmwzgcm6l8.html,https://elevatestemdaily.github.io/elevate-stem-daily-lessons/lessons/class-10/bmwzgcm6l8.html
10,9,day-09.html,a5d0hef57m.html,https://elevatestemdaily.github.io/elevate-stem-daily-lessons/lessons/class-10/a5d0hef57m.html
10,10,day-10.html,ozsr13fsp1.html,https://elevatestemdaily.github.io/elevate-stem-daily-lessons/lessons/class-10/ozsr13fsp1.html
10,11,day-11.html,lxp29w0fco.html,https://elevatestemdaily.github.io/elevate-stem-daily-lessons/lessons/class-10/lxp29w0fco.html
10,12,day-12.html,xhlc4n00n5.html,https://elevatestemdaily.github.io/elevate-stem-daily-lessons/lessons/class-10/xhlc4n00n5.html
10,13,day-13.html,j37oox4z5v.html,https://elevatestemdaily.github.io/elevate-stem-daily-lessons/lessons/class-10/j37oox4z5v.html
10,14,day-14.html,n5xn32nwda.html,https://elevatestemdaily.github.io/elevate-stem-daily-lessons/lessons/class-10/n5xn32nwda.html
10,15,day-15.html,f90yqju3fy.html,https://elevatestemdaily.github.io/elevate-stem-daily-lessons/lessons/class-10/f90yqju3fy.html
10,16,day-16.html,mhm2kisr5g.html,https://elevatestemdaily.github.io/elevate-stem-daily-lessons/lessons/class-10/mhm2kisr5g.html
10,17,day-17.html,zvus1r75vb.html,https://elevatestemdaily.github.io/elevate-stem-daily-lessons/lessons/class-10/zvus1r75vb.html
10,18,day-18.html,i50dpbps4d.html,https://elevatestemdaily.github.io/elevate-stem-daily-lessons/lessons/class-10/i50dpbps4d.html
10,19,day-19.html,1nsjanmlp7.html,https://elevatestemdaily.github.io/elevate-stem-daily-lessons/lessons/class-10/1nsjanmlp7.html
10,20,day-20.html,w9zk5y5d2l.html,https://elevatestemdaily.github.io/elevate-stem-daily-lessons/lessons/class-10/w9zk5y5d2l.html
10,21,day-21.html,73vwsaegwl.html,https://elevatestemdaily.github.io/elevate-stem-daily-lessons/lessons/class-10/73vwsaegwl.html
10,22,day-22.html,zywmcmxbtb.html,https://elevatestemdaily.github.io/elevate-stem-daily-lessons/lessons/class-10/zywmcmxbtb.html
10,23,day-23.html,pnva7erjrm.html,https://elevatestemdaily.github.io/elevate-stem-daily-lessons/lessons/class-10/pnva7erjrm.html
10,24,day-24.html,hbiqwe5op1.html,https://elevatestemdaily.github.io/elevate-stem-daily-lessons/lessons/class-10/hbiqwe5op1.html
10,25,day-25.html,wokdoh0lw3.html,https://elevatestemdaily.github.io/elevate-stem-daily-lessons/lessons/class-10/wokdoh0lw3.html
10,26,day-26.html,2aq4l5ghls.html,https://elevatestemdaily.github.io/elevate-stem-daily-lessons/lessons/class-10/2aq4l5ghls.html
10,27,day-27.html,taklrd6j7s.html,https://elevatestemdaily.github.io/elevate-stem-daily-lessons/lessons/class-10/taklrd6j7s.html
10,28,day-28.html,q62oqwgkxs.html,https://elevatestemdaily.github.io/elevate-stem-daily-lessons/lessons/class-10/q62oqwgkxs.html
10,29,day-29.html,c253ktn06g.html,https://elevatestemdaily.github.io/elevate-stem-daily-lessons/lessons/class-10/c253ktn06g.html
10,30,day-30.html,atgixzppya.html,https://elevatestemdaily.github.io/elevate-stem-daily-lessons/lessons/class-10/atgixzppya.html
11,1,day-01.html,uvn3u3onc2.html,https://elevatestemdaily.github.io/elevate-stem-daily-lessons/lessons/class-11/uvn3u3onc2.html
11,2,day-02.html,7yq1ee7ri8.html,https://elevatestemdaily.github.io/elevate-stem-daily-lessons/lessons/class-11/7yq1ee7ri8.html
11,3,day-03.html,ycxxgwu09s.html,https://elevatestemdaily.github.io/elevate-stem-daily-lessons/lessons/class-11/ycxxgwu09s.html
11,4,day-04.html,ago1e5ql0o.html,https://elevatestemdaily.github.io/elevate-stem-daily-lessons/lessons/class-11/ago1e5ql0o.html
11,5,day-05.html,sob2pwh8ss.html,https://elevatestemdaily.github.io/elevate-stem-daily-lessons/lessons/class-11/sob2pwh8ss.html
11,6,day-06.html,rphveghwve.html,https://elevatestemdaily.github.io/elevate-stem-daily-lessons/lessons/class-11/rphveghwve.html
11,7,day-07.html,k5c2znzglx.html,https://elevatestemdaily.github.io/elevate-stem-daily-lessons/lessons/class-11/k5c2znzglx.html
11,8,day-08.html,g0ucctrhll.html,https://elevatestemdaily.github.io/elevate-stem-daily-lessons/lessons/class-11/g0ucctrhll.html
11,9,day-09.html,rglh389gf2.html,https://elevatestemdaily.github.io/elevate-stem-daily-lessons/lessons/class-11/rglh389gf2.html
11,10,day-10.html,vwoii1jhas.html,https://elevatestemdaily.github.io/elevate-stem-daily-lessons/lessons/class-11/vwoii1jhas.html
11,11,day-11.html,35nxmq7ht9.html,https://elevatestemdaily.github.io/elevate-stem-daily-lessons/lessons/class-11/35nxmq7ht9.html
11,12,day-12.html,1pf4dkjsqe.html,https://elevatestemdaily.github.io/elevate-stem-daily-lessons/lessons/class-11/1pf4dkjsqe.html
11,13,day-13.html,sg18t2afxf.html,https://elevatestemdaily.github.io/elevate-stem-daily-lessons/lessons/class-11/sg18t2afxf.html
11,14,day-14.html,j45u1v8aor.html,https://elevatestemdaily.github.io/elevate-stem-daily-lessons/lessons/class-11/j45u1v8aor.html
11,15,day-15.html,i2i25o5nrb.html,https://elevatestemdaily.github.io/elevate-stem-daily-lessons/lessons/class-11/i2i25o5nrb.html
11,16,day-16.html,7j6kxyo9n8.html,https://elevatestemdaily.github.io/elevate-stem-daily-lessons/lessons/class-11/7j6kxyo9n8.html
11,17,day-17.html,z01k7wq7uj.html,https://elevatestemdaily.github.io/elevate-stem-daily-lessons/lessons/class-11/z01k7wq7uj.html
11,18,day-18.html,eia8hxxscq.html,https://elevatestemdaily.github.io/elevate-stem-daily-lessons/lessons/class-11/eia8hxxscq.html
11,19,day-19.html,gffzkszdcm.html,https://elevatestemdaily.github.io/elevate-stem-daily-lessons/lessons/class-11/gffzkszdcm.html
11,20,day-20.html,frozxywysm.html,https://elevatestemdaily.github.io/elevate-stem-daily-lessons/lessons/class-11/frozxywysm.html
11,21,day-21.html,q640g1doet.html,https://elevatestemdaily.github.io/elevate-stem-daily-lessons/lessons/class-11/q640g1doet.html
11,22,day-22.html,uh5mlg4avk.html,https://elevatestemdaily.github.io/elevate-stem-daily-lessons/lessons/class-11/uh5mlg4avk.html
11,23,day-23.html,q56o6k2z2j.html,https://elevatestemdaily.github.io/elevate-stem-daily-lessons/lessons/class-11/q56o6k2z2j.html
11,24,day-24.html,s76kne5fl4.html,https://elevatestemdaily.github.io/elevate-stem-daily-lessons/lessons/class-11/s76kne5fl4.html
11,25,day-25.html,3ch5z99v5i.html,https://elevatestemdaily.github.io/elevate-stem-daily-lessons/lessons/class-11/3ch5z99v5i.html
11,26,day-26.html,aoj1e2m1cl.html,https://elevatestemdaily.github.io/elevate-stem-daily-lessons/lessons/class-11/aoj1e2m1cl.html
11,27,day-27.html,c1xnlnzmga.html,https://elevatestemdaily.github.io/elevate-stem-daily-lessons/lessons/class-11/c1xnlnzmga.html
11,28,day-28.html,j06498qdj3.html,https://elevatestemdaily.github.io/elevate-stem-daily-lessons/lessons/class-11/j06498qdj3.html
11,29,day-29.html,7ckh7ple03.html,https://elevatestemdaily.github.io/elevate-stem-daily-lessons/lessons/class-11/7ckh7ple03.html
11,30,day-30.html,xi0oaaa3pi.html,https://elevatestemdaily.github.io/elevate-stem-daily-lessons/lessons/class-11/xi0oaaa3pi.html
12,1,day-01.html,7d8ls2u8ei.html,https://elevatestemdaily.github.io/elevate-stem-daily-lessons/lessons/class-12/7d8ls2u8ei.html
12,2,day-02.html,eca55wlakf.html,https://elevatestemdaily.github.io/elevate-stem-daily-lessons/lessons/class-12/eca55wlakf.html
12,3,day-03.html,u40cg5qy6c.html,https://elevatestemdaily.github.io/elevate-stem-daily-lessons/lessons/class-12/u40cg5qy6c.html
12,4,day-04.html,dk0cx53ebo.html,https://elevatestemdaily.github.io/elevate-stem-daily-lessons/lessons/class-12/dk0cx53ebo.html
12,5,day-05.html,tnvckxm1f0.html,https://elevatestemdaily.github.io/elevate-stem-daily-lessons/lessons/class-12/tnvckxm1f0.html
12,6,day-06.html,ivuq4xckop.html,https://elevatestemdaily.github.io/elevate-stem-daily-lessons/lessons/class-12/ivuq4xckop.html
12,7,day-07.html,la9lh4ayy9.html,https://elevatestemdaily.github.io/elevate-stem-daily-lessons/lessons/class-12/la9lh4ayy9.html
12,8,day-08.html,oe5jbpjqo9.html,https://elevatestemdaily.github.io/elevate-stem-daily-lessons/lessons/class-12/oe5jbpjqo9.html
12,9,day-09.html,c28desizc2.html,https://elevatestemdaily.github.io/elevate-stem-daily-lessons/lessons/class-12/c28desizc2.html
12,10,day-10.html,01ad9zlllj.html,https://elevatestemdaily.github.io/elevate-stem-daily-lessons/lessons/class-12/01ad9zlllj.html
12,11,day-11.html,yap1g08wt8.html,https://elevatestemdaily.github.io/elevate-stem-daily-lessons/lessons/class-12/yap1g08wt8.html
12,12,day-12.html,yg7yna0d69.html,https://elevatestemdaily.github.io/elevate-stem-daily-lessons/lessons/class-12/yg7yna0d69.html
12,13,day-13.html,c4f80m4566.html,https://elevatestemdaily.github.io/elevate-stem-daily-lessons/lessons/class-12/c4f80m4566.html
12,14,day-14.html,bd34phkn8w.html,https://elevatestemdaily.github.io/elevate-stem-daily-lessons/lessons/class-12/bd34phkn8w.html
12,15,day-15.html,1hnnmkdg2q.html,https://elevatestemdaily.github.io/elevate-stem-daily-lessons/lessons/class-12/1hnnmkdg2q.html
12,16,day-16.html,gx1b6qjt0c.html,https://elevatestemdaily.github.io/elevate-stem-daily-lessons/lessons/class-12/gx1b6qjt0c.html
12,17,day-17.html,dkvfxhwldr.html,https://elevatestemdaily.github.io/elevate-stem-daily-lessons/lessons/class-12/dkvfxhwldr.html
12,18,day-18.html,cdlgfgcnwg.html,https://elevatestemdaily.github.io/elevate-stem-daily-lessons/lessons/class-12/cdlgfgcnwg.html
12,19,day-19.html,4h88ad0vu2.html,https://elevatestemdaily.github.io/elevate-stem-daily-lessons/lessons/class-12/4h88ad0vu2.html
12,20,day-20.html,eo8pw595jj.html,https://elevatestemdaily.github.io/elevate-stem-daily-lessons/lessons/class-12/eo8pw595jj.html
12,21,day-21.html,yjpj61vngp.html,https://elevatestemdaily.github.io/elevate-stem-daily-lessons/lessons/class-12/yjpj61vngp.html
12,22,day-22.html,utg0rhv2wr.html,https://elevatestemdaily.github.io/elevate-stem-daily-lessons/lessons/class-12/utg0rhv2wr.html
12,23,day-23.html,sqlgntolgv.html,https://elevatestemdaily.github.io/elevate-stem-daily-lessons/lessons/class-12/sqlgntolgv.html
12,24,day-24.html,yq6vjiy5vv.html,https://elevatestemdaily.github.io/elevate-stem-daily-lessons/lessons/class-12/yq6vjiy5vv.html
12,25,day-25.html,x1wy0exfxf.html,https://elevatestemdaily.github.io/elevate-stem-daily-lessons/lessons/class-12/x1wy0exfxf.html
12,26,day-26.html,qsf0lxgj4v.html,https://elevatestemdaily.github.io/elevate-stem-daily-lessons/lessons/class-12/qsf0lxgj4v.html
12,27,day-27.html,35w2euf8a7.html,https://elevatestemdaily.github.io/elevate-stem-daily-lessons/lessons/class-12/35w2euf8a7.html
12,28,day-28.html,xpknkyqbk6.html,https://elevatestemdaily.github.io/elevate-stem-daily-lessons/lessons/class-12/xpknkyqbk6.html
12,29,day-29.html,yee25zlk40.html,https://elevatestemdaily.github.io/elevate-stem-daily-lessons/lessons/class-12/yee25zlk40.html
12,30,day-30.html,0wwxblufl0.html,https://elevatestemdaily.github.io/elevate-stem-daily-lessons/lessons/class-12/0wwxblufl0.html
